,country,year,democracy_score
0,Afghanistan,2006,30.6
1,Angola,2006,24.1
2,Albania,2006,59.1
3,United Arab Emirates,2006,24.2
4,Argentina,2006,66.3
5,Armenia,2006,41.5
6,Australia,2006,90.9
7,Austria,2006,86.9
8,Azerbaijan,2006,33.1
9,Burundi,2006,45.1
10,Belgium,2006,81.5
11,Benin,2006,61.6
12,Burkina Faso,2006,37.2
13,Bangladesh,2006,61.1
14,Bulgaria,2006,71.0
15,Bahrain,2006,35.3
16,Bosnia and Herzegovina,2006,57.8
17,Belarus,2006,33.4
18,Bolivia,2006,59.8
19,Brazil,2006,73.8
20,Bhutan,2006,26.2
21,Botswana,2006,76.0
22,Central African Republic,2006,16.1
23,Canada,2006,90.7
24,Switzerland,2006,90.2
25,Chile,2006,78.9
26,China,2006,29.7
27,Cote d'Ivoire,2006,33.8
28,Cameroon,2006,32.7
29,"Congo, Dem. Rep.",2006,27.6
30,"Congo, Rep.",2006,31.9
31,Colombia,2006,64.0
32,Comoros,2006,39.0
33,Cape Verde,2006,74.3
34,Costa Rica,2006,80.4
35,Cuba,2006,35.2
36,Cyprus,2006,76.0
37,Czech Republic,2006,81.7
38,Germany,2006,88.2
39,Djibouti,2006,23.7
40,Denmark,2006,95.2
41,Dominican Republic,2006,61.3
42,Algeria,2006,31.7
43,Ecuador,2006,56.4
44,Egypt,2006,39.0
45,Eritrea,2006,23.1
46,Spain,2006,83.4
47,Estonia,2006,77.4
48,Ethiopia,2006,47.2
49,Finland,2006,92.5
50,Fiji,2006,56.6
51,France,2006,80.7
52,Gabon,2006,27.2
53,United Kingdom,2006,80.8
54,Georgia,2006,49.0
55,Ghana,2006,53.5
56,Guinea,2006,20.2
57,Gambia,2006,43.9
58,Guinea-Bissau,2006,20.0
59,Equatorial Guinea,2006,20.9
60,Greece,2006,81.3
61,Guatemala,2006,60.7
62,Guyana,2006,61.5
63,"Hong Kong, China",2006,60.3
64,Honduras,2006,62.5
65,Croatia,2006,70.4
66,Haiti,2006,41.9
67,Hungary,2006,75.3
68,Indonesia,2006,64.1
69,India,2006,76.8
70,Ireland,2006,90.1
71,Iran,2006,29.3
72,Iraq,2006,40.1
73,Iceland,2006,97.1
74,Israel,2006,72.8
75,Italy,2006,77.3
76,Jamaica,2006,73.4
77,Jordan,2006,39.2
78,Japan,2006,81.5
79,Kazakhstan,2006,36.2
80,Kenya,2006,50.8
81,Kyrgyz Republic,2006,40.8
82,Cambodia,2006,47.7
83,South Korea,2006,78.8
84,Kuwait,2006,30.9
85,Lao,2006,21.0
86,Lebanon,2006,58.2
87,Liberia,2006,52.2
88,Libya,2006,18.4
89,Sri Lanka,2006,65.8
90,Lesotho,2006,64.8
91,Lithuania,2006,74.3
92,Luxembourg,2006,91.0
93,Latvia,2006,73.7
94,Morocco,2006,39.0
95,Moldova,2006,65.0
96,Madagascar,2006,58.2
97,Mexico,2006,66.7
98,North Macedonia,2006,63.3
99,Mali,2006,59.9
100,Malta,2006,83.9
101,Myanmar,2006,17.7
102,Montenegro,2006,65.7
103,Mongolia,2006,66.0
104,Mozambique,2006,52.8
105,Mauritania,2006,31.2
106,Mauritius,2006,80.4
107,Malawi,2006,49.7
108,Malaysia,2006,59.8
109,Namibia,2006,65.4
110,Niger,2006,35.4
111,Nigeria,2006,35.2
112,Nicaragua,2006,56.8
113,Netherlands,2006,96.6
114,Norway,2006,95.5
115,Nepal,2006,34.2
116,New Zealand,2006,90.1
117,Oman,2006,27.7
118,Pakistan,2006,39.2
119,Panama,2006,73.5
120,Peru,2006,61.1
121,Philippines,2006,64.8
122,Papua New Guinea,2006,65.4
123,Poland,2006,73.0
124,North Korea,2006,10.3
125,Portugal,2006,81.6
126,Paraguay,2006,61.6
127,Palestine,2006,60.1
128,Qatar,2006,27.8
129,Romania,2006,70.6
130,Russia,2006,50.2
131,Rwanda,2006,38.2
132,Saudi Arabia,2006,19.2
133,Sudan,2006,29.0
134,Senegal,2006,53.7
135,Singapore,2006,58.9
136,Sierra Leone,2006,35.7
137,El Salvador,2006,62.2
138,Serbia,2006,66.2
139,Suriname,2006,65.2
140,Slovak Republic,2006,74.0
141,Slovenia,2006,79.6
142,Sweden,2006,98.8
143,Eswatini,2006,29.3
144,Syria,2006,23.6
145,Chad,2006,16.5
146,Togo,2006,17.5
147,Thailand,2006,56.7
148,Tajikistan,2006,24.5
149,Turkmenistan,2006,18.3
150,Timor-Leste,2006,64.1
151,Trinidad and Tobago,2006,71.8
152,Tunisia,2006,30.6
153,Turkey,2006,57.0
154,Taiwan,2006,78.2
155,Tanzania,2006,51.8
156,Uganda,2006,51.4
157,Ukraine,2006,69.4
158,Uruguay,2006,79.6
159,United States,2006,82.2
160,Uzbekistan,2006,18.5
161,Venezuela,2006,54.2
162,Vietnam,2006,27.5
163,Yemen,2006,29.8
164,South Africa,2006,79.1
165,Zambia,2006,52.5
166,Zimbabwe,2006,26.2
167,Afghanistan,2007,30.4
168,Angola,2007,28.8
169,Albania,2007,59.1
170,United Arab Emirates,2007,25.1
171,Argentina,2007,66.3
172,Armenia,2007,41.2
173,Australia,2007,90.9
174,Austria,2007,85.9
175,Azerbaijan,2007,32.5
176,Burundi,2007,45.1
177,Belgium,2007,81.5
178,Benin,2007,61.1
179,Burkina Faso,2007,36.6
180,Bangladesh,2007,58.1
181,Bulgaria,2007,70.6
182,Bahrain,2007,34.5
183,Bosnia and Herzegovina,2007,57.4
184,Belarus,2007,33.4
185,Bolivia,2007,60.6
186,Brazil,2007,73.8
187,Bhutan,2007,34.6
188,Botswana,2007,75.3
189,Central African Republic,2007,17.4
190,Canada,2007,90.7
191,Switzerland,2007,90.8
192,Chile,2007,78.9
193,China,2007,30.1
194,Cote d'Ivoire,2007,33.3
195,Cameroon,2007,33.6
196,"Congo, Dem. Rep.",2007,25.2
197,"Congo, Rep.",2007,30.6
198,Colombia,2007,64.7
199,Comoros,2007,37.4
200,Cape Verde,2007,76.2
201,Costa Rica,2007,80.4
202,Cuba,2007,35.2
203,Cyprus,2007,76.5
204,Czech Republic,2007,81.8
205,Germany,2007,88.2
206,Djibouti,2007,23.7
207,Denmark,2007,95.2
208,Dominican Republic,2007,61.6
209,Algeria,2007,32.5
210,Ecuador,2007,56.4
211,Egypt,2007,39.0
212,Eritrea,2007,23.1
213,Spain,2007,84.0
214,Estonia,2007,77.1
215,Ethiopia,2007,46.2
216,Finland,2007,92.5
217,Fiji,2007,53.9
218,France,2007,80.7
219,Gabon,2007,28.6
220,United Kingdom,2007,81.2
221,Georgia,2007,47.6
222,Ghana,2007,53.5
223,Guinea,2007,20.6
224,Gambia,2007,42.9
225,Guinea-Bissau,2007,19.9
226,Equatorial Guinea,2007,21.4
227,Greece,2007,81.3
228,Guatemala,2007,60.7
229,Guyana,2007,61.4
230,"Hong Kong, China",2007,59.4
231,Honduras,2007,62.1
232,Croatia,2007,70.4
233,Haiti,2007,41.9
234,Hungary,2007,74.8
235,Indonesia,2007,63.8
236,India,2007,77.4
237,Ireland,2007,90.1
238,Iran,2007,28.8
239,Iraq,2007,40.0
240,Iceland,2007,96.8
241,Israel,2007,73.8
242,Italy,2007,78.5
243,Jamaica,2007,72.8
244,Jordan,2007,39.3
245,Japan,2007,82.0
246,Kazakhstan,2007,35.4
247,Kenya,2007,49.4
248,Kyrgyz Republic,2007,40.6
249,Cambodia,2007,48.2
250,South Korea,2007,79.5
251,Kuwait,2007,32.4
252,Lao,2007,21.0
253,Lebanon,2007,57.2
254,Liberia,2007,52.4
255,Libya,2007,19.2
256,Sri Lanka,2007,66.0
257,Lesotho,2007,63.9
258,Lithuania,2007,74.0
259,Luxembourg,2007,91.0
260,Latvia,2007,73.0
261,Morocco,2007,38.9
262,Moldova,2007,65.0
263,Madagascar,2007,57.0
264,Mexico,2007,67.3
265,North Macedonia,2007,62.7
266,Mali,2007,59.3
267,Malta,2007,83.9
268,Myanmar,2007,17.7
269,Montenegro,2007,65.0
270,Mongolia,2007,66.0
271,Mozambique,2007,53.9
272,Mauritania,2007,35.1
273,Mauritius,2007,80.4
274,Malawi,2007,50.5
275,Malaysia,2007,61.7
276,Namibia,2007,65.1
277,Niger,2007,34.8
278,Nigeria,2007,35.3
279,Nicaragua,2007,58.8
280,Netherlands,2007,96.0
281,Norway,2007,96.2
282,Nepal,2007,37.4
283,New Zealand,2007,91.0
284,Oman,2007,28.8
285,Pakistan,2007,41.9
286,Panama,2007,73.5
287,Peru,2007,62.1
288,Philippines,2007,63.0
289,Papua New Guinea,2007,65.4
290,Poland,2007,73.0
291,North Korea,2007,9.45
292,Portugal,2007,81.0
293,Paraguay,2007,62.8
294,Palestine,2007,59.2
295,Qatar,2007,28.5
296,Romania,2007,70.6
297,Russia,2007,47.5
298,Rwanda,2007,37.6
299,Saudi Arabia,2007,19.1
300,Sudan,2007,28.6
301,Senegal,2007,53.7
302,Singapore,2007,58.9
303,Sierra Leone,2007,38.4
304,El Salvador,2007,63.1
305,Serbia,2007,65.5
306,Suriname,2007,65.5
307,Slovak Republic,2007,73.7
308,Slovenia,2007,79.6
309,Sweden,2007,98.8
310,Eswatini,2007,29.9
311,Syria,2007,22.7
312,Chad,2007,15.8
313,Togo,2007,20.9
314,Thailand,2007,62.4
315,Tajikistan,2007,24.5
316,Turkmenistan,2007,17.8
317,Timor-Leste,2007,68.2
318,Trinidad and Tobago,2007,72.0
319,Tunisia,2007,30.1
320,Turkey,2007,57.0
321,Taiwan,2007,78.2
322,Tanzania,2007,52.3
323,Uganda,2007,50.9
324,Ukraine,2007,69.4
325,Uruguay,2007,80.2
326,United States,2007,82.2
327,Uzbekistan,2007,17.9
328,Venezuela,2007,53.8
329,Vietnam,2007,26.4
330,Yemen,2007,29.6
331,South Africa,2007,79.1
332,Zambia,2007,52.5
333,Zimbabwe,2007,25.8
334,Afghanistan,2008,30.2
335,Angola,2008,33.5
336,Albania,2008,59.1
337,United Arab Emirates,2008,26.0
338,Argentina,2008,66.3
339,Armenia,2008,40.9
340,Australia,2008,90.9
341,Austria,2008,84.9
342,Azerbaijan,2008,31.9
343,Burundi,2008,45.1
344,Belgium,2008,81.6
345,Benin,2008,60.6
346,Burkina Faso,2008,36.0
347,Bangladesh,2008,55.2
348,Bulgaria,2008,70.2
349,Bahrain,2008,33.8
350,Bosnia and Herzegovina,2008,57.0
351,Belarus,2008,33.4
352,Bolivia,2008,61.5
353,Brazil,2008,73.8
354,Bhutan,2008,43.0
355,Botswana,2008,74.7
356,Central African Republic,2008,18.6
357,Canada,2008,90.7
358,Switzerland,2008,91.5
359,Chile,2008,78.9
360,China,2008,30.4
361,Cote d'Ivoire,2008,32.7
362,Cameroon,2008,34.6
363,"Congo, Dem. Rep.",2008,22.8
364,"Congo, Rep.",2008,29.4
365,Colombia,2008,65.4
366,Comoros,2008,35.8
367,Cape Verde,2008,78.1
368,Costa Rica,2008,80.4
369,Cuba,2008,35.2
370,Cyprus,2008,77.0
371,Czech Republic,2008,81.9
372,Germany,2008,88.2
373,Djibouti,2008,23.7
374,Denmark,2008,95.2
375,Dominican Republic,2008,62.0
376,Algeria,2008,33.2
377,Ecuador,2008,56.4
378,Egypt,2008,38.9
379,Eritrea,2008,23.1
380,Spain,2008,84.5
381,Estonia,2008,76.8
382,Ethiopia,2008,45.2
383,Finland,2008,92.5
384,Fiji,2008,51.1
385,France,2008,80.7
386,Gabon,2008,30.0
387,United Kingdom,2008,81.5
388,Georgia,2008,46.2
389,Ghana,2008,53.5
390,Guinea,2008,20.9
391,Gambia,2008,41.9
392,Guinea-Bissau,2008,19.9
393,Equatorial Guinea,2008,21.9
394,Greece,2008,81.3
395,Guatemala,2008,60.7
396,Guyana,2008,61.2
397,"Hong Kong, China",2008,58.5
398,Honduras,2008,61.8
399,Croatia,2008,70.4
400,Haiti,2008,41.9
401,Hungary,2008,74.4
402,Indonesia,2008,63.4
403,India,2008,78.0
404,Ireland,2008,90.1
405,Iran,2008,28.3
406,Iraq,2008,40.0
407,Iceland,2008,96.5
408,Israel,2008,74.8
409,Italy,2008,79.8
410,Jamaica,2008,72.1
411,Jordan,2008,39.3
412,Japan,2008,82.5
413,Kazakhstan,2008,34.5
414,Kenya,2008,47.9
415,Kyrgyz Republic,2008,40.5
416,Cambodia,2008,48.7
417,South Korea,2008,80.1
418,Kuwait,2008,33.9
419,Lao,2008,21.0
420,Lebanon,2008,56.2
421,Liberia,2008,52.5
422,Libya,2008,20.0
423,Sri Lanka,2008,66.1
424,Lesotho,2008,62.9
425,Lithuania,2008,73.6
426,Luxembourg,2008,91.0
427,Latvia,2008,72.3
428,Morocco,2008,38.8
429,Moldova,2008,65.0
430,Madagascar,2008,55.7
431,Mexico,2008,67.8
432,North Macedonia,2008,62.1
433,Mali,2008,58.7
434,Malta,2008,83.9
435,Myanmar,2008,17.7
436,Montenegro,2008,64.3
437,Mongolia,2008,66.0
438,Mozambique,2008,54.9
439,Mauritania,2008,39.1
440,Mauritius,2008,80.4
441,Malawi,2008,51.3
442,Malaysia,2008,63.6
443,Namibia,2008,64.8
444,Niger,2008,34.1
445,Nigeria,2008,35.3
446,Nicaragua,2008,60.7
447,Netherlands,2008,95.3
448,Norway,2008,96.8
449,Nepal,2008,40.5
450,New Zealand,2008,91.9
451,Oman,2008,29.8
452,Pakistan,2008,44.6
453,Panama,2008,73.5
454,Peru,2008,63.1
455,Philippines,2008,61.2
456,Papua New Guinea,2008,65.4
457,Poland,2008,73.0
458,North Korea,2008,8.6
459,Portugal,2008,80.5
460,Paraguay,2008,64.0
461,Palestine,2008,58.3
462,Qatar,2008,29.2
463,Romania,2008,70.6
464,Russia,2008,44.8
465,Rwanda,2008,37.1
466,Saudi Arabia,2008,19.0
467,Sudan,2008,28.1
468,Senegal,2008,53.7
469,Singapore,2008,58.9
470,Sierra Leone,2008,41.1
471,El Salvador,2008,64.0
472,Serbia,2008,64.9
473,Suriname,2008,65.8
474,Slovak Republic,2008,73.3
475,Slovenia,2008,79.6
476,Sweden,2008,98.8
477,Eswatini,2008,30.4
478,Syria,2008,21.8
479,Chad,2008,15.2
480,Togo,2008,24.3
481,Thailand,2008,68.1
482,Tajikistan,2008,24.5
483,Turkmenistan,2008,17.2
484,Timor-Leste,2008,72.2
485,Trinidad and Tobago,2008,72.1
486,Tunisia,2008,29.6
487,Turkey,2008,56.9
488,Taiwan,2008,78.2
489,Tanzania,2008,52.8
490,Uganda,2008,50.3
491,Ukraine,2008,69.4
492,Uruguay,2008,80.8
493,United States,2008,82.2
494,Uzbekistan,2008,17.4
495,Venezuela,2008,53.4
496,Vietnam,2008,25.3
497,Yemen,2008,29.5
498,South Africa,2008,79.1
499,Zambia,2008,52.5
500,Zimbabwe,2008,25.3
501,Afghanistan,2009,27.5
502,Angola,2009,33.4
503,Albania,2009,58.9
504,United Arab Emirates,2009,25.6
505,Argentina,2009,67.3
506,Armenia,2009,40.9
507,Australia,2009,91.5
508,Austria,2009,84.9
509,Azerbaijan,2009,31.7
510,Burundi,2009,42.6
511,Belgium,2009,81.0
512,Benin,2009,61.1
513,Burkina Faso,2009,36.0
514,Bangladesh,2009,57.0
515,Bulgaria,2009,69.3
516,Bahrain,2009,34.4
517,Bosnia and Herzegovina,2009,55.1
518,Belarus,2009,33.4
519,Bolivia,2009,60.4
520,Brazil,2009,72.5
521,Bhutan,2009,44.9
522,Botswana,2009,75.5
523,Central African Republic,2009,18.4
524,Canada,2009,90.8
525,Switzerland,2009,91.2
526,Chile,2009,77.8
527,China,2009,30.9
528,Cote d'Ivoire,2009,31.4
529,Cameroon,2009,34.4
530,"Congo, Dem. Rep.",2009,22.1
531,"Congo, Rep.",2009,29.1
532,Colombia,2009,65.5
533,Comoros,2009,35.0
534,Cape Verde,2009,78.8
535,Costa Rica,2009,80.4
536,Cuba,2009,35.2
537,Cyprus,2009,75.0
538,Czech Republic,2009,81.9
539,Germany,2009,86.0
540,Djibouti,2009,22.9
541,Denmark,2009,95.2
542,Dominican Republic,2009,62.0
543,Algeria,2009,33.8
544,Ecuador,2009,57.0
545,Egypt,2009,34.8
546,Eritrea,2009,23.1
547,Spain,2009,83.0
548,Estonia,2009,76.8
549,Ethiopia,2009,41.0
550,Finland,2009,92.2
551,Fiji,2009,43.6
552,France,2009,79.2
553,Gabon,2009,31.4
554,United Kingdom,2009,81.5
555,Georgia,2009,46.0
556,Ghana,2009,56.9
557,Guinea,2009,24.4
558,Gambia,2009,37.9
559,Guinea-Bissau,2009,19.9
560,Equatorial Guinea,2009,20.1
561,Greece,2009,80.3
562,Guatemala,2009,60.6
563,Guyana,2009,60.9
564,"Hong Kong, China",2009,58.9
565,Honduras,2009,59.7
566,Croatia,2009,69.3
567,Haiti,2009,41.0
568,Hungary,2009,73.3
569,Indonesia,2009,64.3
570,India,2009,75.4
571,Ireland,2009,89.0
572,Iran,2009,23.9
573,Iraq,2009,40.0
574,Iceland,2009,96.5
575,Israel,2009,74.8
576,Italy,2009,79.0
577,Jamaica,2009,72.1
578,Jordan,2009,38.4
579,Japan,2009,81.7
580,Kazakhstan,2009,33.8
581,Kenya,2009,47.5
582,Kyrgyz Republic,2009,41.8
583,Cambodia,2009,48.7
584,South Korea,2009,80.6
585,Kuwait,2009,36.4
586,Lao,2009,21.0
587,Lebanon,2009,57.2
588,Liberia,2009,51.6
589,Libya,2009,19.7
590,Sri Lanka,2009,66.3
591,Lesotho,2009,61.5
592,Lithuania,2009,73.0
593,Luxembourg,2009,89.9
594,Latvia,2009,71.4
595,Morocco,2009,38.4
596,Moldova,2009,64.2
597,Madagascar,2009,47.5
598,Mexico,2009,68.5
599,North Macedonia,2009,61.9
600,Mali,2009,59.4
601,Malta,2009,83.3
602,Myanmar,2009,17.7
603,Montenegro,2009,63.5
604,Mongolia,2009,64.8
605,Mozambique,2009,52.0
606,Mauritania,2009,38.9
607,Mauritius,2009,80.4
608,Malawi,2009,54.9
609,Malaysia,2009,62.8
610,Namibia,2009,63.5
611,Niger,2009,34.0
612,Nigeria,2009,35.0
613,Nicaragua,2009,59.0
614,Netherlands,2009,92.6
615,Norway,2009,97.4
616,Nepal,2009,41.5
617,New Zealand,2009,92.3
618,Oman,2009,29.2
619,Pakistan,2009,45.0
620,Panama,2009,72.5
621,Peru,2009,63.5
622,Philippines,2009,61.2
623,Papua New Guinea,2009,65.4
624,Poland,2009,71.8
625,North Korea,2009,9.7
626,Portugal,2009,80.3
627,Paraguay,2009,64.0
628,Palestine,2009,56.4
629,Qatar,2009,30.1
630,Romania,2009,68.3
631,Russia,2009,43.7
632,Rwanda,2009,34.8
633,Saudi Arabia,2009,18.7
634,Sudan,2009,26.1
635,Senegal,2009,53.2
636,Singapore,2009,58.9
637,Sierra Leone,2009,43.1
638,El Salvador,2009,64.3
639,Serbia,2009,64.1
640,Suriname,2009,66.2
641,Slovak Republic,2009,73.4
642,Slovenia,2009,78.3
643,Sweden,2009,96.9
644,Eswatini,2009,29.7
645,Syria,2009,22.4
646,Chad,2009,15.2
647,Togo,2009,29.4
648,Thailand,2009,66.8
649,Tajikistan,2009,24.8
650,Turkmenistan,2009,17.2
651,Timor-Leste,2009,72.2
652,Trinidad and Tobago,2009,71.8
653,Tunisia,2009,28.8
654,Turkey,2009,57.1
655,Taiwan,2009,76.7
656,Tanzania,2009,54.6
657,Uganda,2009,50.4
658,Ukraine,2009,66.2
659,Uruguay,2009,80.9
660,United States,2009,82.0
661,Uzbekistan,2009,17.4
662,Venezuela,2009,52.6
663,Vietnam,2009,27.4
664,Yemen,2009,27.9
665,South Africa,2009,78.5
666,Zambia,2009,54.6
667,Zimbabwe,2009,25.9
668,Afghanistan,2010,24.8
669,Angola,2010,33.2
670,Albania,2010,58.6
671,United Arab Emirates,2010,25.2
672,Argentina,2010,68.4
673,Armenia,2010,40.9
674,Australia,2010,92.2
675,Austria,2010,84.9
676,Azerbaijan,2010,31.5
677,Burundi,2010,40.1
678,Belgium,2010,80.5
679,Benin,2010,61.7
680,Burkina Faso,2010,35.9
681,Bangladesh,2010,58.7
682,Bulgaria,2010,68.4
683,Bahrain,2010,34.9
684,Bosnia and Herzegovina,2010,53.2
685,Belarus,2010,33.4
686,Bolivia,2010,59.2
687,Brazil,2010,71.2
688,Bhutan,2010,46.8
689,Botswana,2010,76.3
690,Central African Republic,2010,18.2
691,Canada,2010,90.8
692,Switzerland,2010,90.9
693,Chile,2010,76.7
694,China,2010,31.4
695,Cote d'Ivoire,2010,30.2
696,Cameroon,2010,34.1
697,"Congo, Dem. Rep.",2010,21.5
698,"Congo, Rep.",2010,28.9
699,Colombia,2010,65.5
700,Comoros,2010,34.1
701,Cape Verde,2010,79.4
702,Costa Rica,2010,80.4
703,Cuba,2010,35.2
704,Cyprus,2010,72.9
705,Czech Republic,2010,81.9
706,Germany,2010,83.8
707,Djibouti,2010,22.0
708,Denmark,2010,95.2
709,Dominican Republic,2010,62.0
710,Algeria,2010,34.4
711,Ecuador,2010,57.7
712,Egypt,2010,30.7
713,Eritrea,2010,23.1
714,Spain,2010,81.6
715,Estonia,2010,76.8
716,Ethiopia,2010,36.8
717,Finland,2010,91.9
718,Fiji,2010,36.2
719,France,2010,77.7
720,Gabon,2010,32.9
721,United Kingdom,2010,81.6
722,Georgia,2010,45.9
723,Ghana,2010,60.2
724,Guinea,2010,27.9
725,Gambia,2010,33.8
726,Guinea-Bissau,2010,19.9
727,Equatorial Guinea,2010,18.4
728,Greece,2010,79.2
729,Guatemala,2010,60.5
730,Guyana,2010,60.5
731,"Hong Kong, China",2010,59.2
732,Honduras,2010,57.6
733,Croatia,2010,68.1
734,Haiti,2010,40.0
735,Hungary,2010,72.1
736,Indonesia,2010,65.3
737,India,2010,72.8
738,Ireland,2010,87.9
739,Iran,2010,19.4
740,Iraq,2010,40.0
741,Iceland,2010,96.5
742,Israel,2010,74.8
743,Italy,2010,78.3
744,Jamaica,2010,72.1
745,Jordan,2010,37.4
746,Japan,2010,80.8
747,Kazakhstan,2010,33.0
748,Kenya,2010,47.1
749,Kyrgyz Republic,2010,43.1
750,Cambodia,2010,48.7
751,South Korea,2010,81.1
752,Kuwait,2010,38.8
753,Lao,2010,21.0
754,Lebanon,2010,58.2
755,Liberia,2010,50.7
756,Libya,2010,19.4
757,Sri Lanka,2010,66.4
758,Lesotho,2010,60.2
759,Lithuania,2010,72.4
760,Luxembourg,2010,88.8
761,Latvia,2010,70.5
762,Morocco,2010,37.9
763,Moldova,2010,63.3
764,Madagascar,2010,39.4
765,Mexico,2010,69.3
766,North Macedonia,2010,61.6
767,Mali,2010,60.1
768,Malta,2010,82.8
769,Myanmar,2010,17.7
770,Montenegro,2010,62.7
771,Mongolia,2010,63.6
772,Mozambique,2010,49.0
773,Mauritania,2010,38.6
774,Mauritius,2010,80.4
775,Malawi,2010,58.4
776,Malaysia,2010,61.9
777,Namibia,2010,62.3
778,Niger,2010,33.8
779,Nigeria,2010,34.7
780,Nicaragua,2010,57.3
781,Netherlands,2010,89.9
782,Norway,2010,98.0
783,Nepal,2010,42.4
784,New Zealand,2010,92.6
785,Oman,2010,28.6
786,Pakistan,2010,45.5
787,Panama,2010,71.5
788,Peru,2010,64.0
789,Philippines,2010,61.2
790,Papua New Guinea,2010,65.4
791,Poland,2010,70.5
792,North Korea,2010,10.8
793,Portugal,2010,80.2
794,Paraguay,2010,64.0
795,Palestine,2010,54.4
796,Qatar,2010,30.9
797,Romania,2010,66.0
798,Russia,2010,42.6
799,Rwanda,2010,32.5
800,Saudi Arabia,2010,18.4
801,Sudan,2010,24.2
802,Senegal,2010,52.7
803,Singapore,2010,58.9
804,Sierra Leone,2010,45.1
805,El Salvador,2010,64.7
806,Serbia,2010,63.3
807,Suriname,2010,66.5
808,Slovak Republic,2010,73.5
809,Slovenia,2010,76.9
810,Sweden,2010,95.0
811,Eswatini,2010,29.0
812,Syria,2010,23.1
813,Chad,2010,15.2
814,Togo,2010,34.5
815,Thailand,2010,65.5
816,Tajikistan,2010,25.1
817,Turkmenistan,2010,17.2
818,Timor-Leste,2010,72.2
819,Trinidad and Tobago,2010,71.6
820,Tunisia,2010,27.9
821,Turkey,2010,57.3
822,Taiwan,2010,75.2
823,Tanzania,2010,56.4
824,Uganda,2010,50.5
825,Ukraine,2010,63.0
826,Uruguay,2010,81.0
827,United States,2010,81.8
828,Uzbekistan,2010,17.4
829,Venezuela,2010,51.8
830,Vietnam,2010,29.4
831,Yemen,2010,26.4
832,South Africa,2010,77.9
833,Zambia,2010,56.8
834,Zimbabwe,2010,26.4
835,Afghanistan,2011,24.8
836,Angola,2011,33.2
837,Albania,2011,58.1
838,United Arab Emirates,2011,25.8
839,Argentina,2011,68.4
840,Armenia,2011,40.9
841,Australia,2011,92.2
842,Austria,2011,84.9
843,Azerbaijan,2011,31.5
844,Burundi,2011,40.1
845,Belgium,2011,80.5
846,Benin,2011,60.6
847,Burkina Faso,2011,35.9
848,Bangladesh,2011,58.6
849,Bulgaria,2011,67.8
850,Bahrain,2011,29.2
851,Bosnia and Herzegovina,2011,52.4
852,Belarus,2011,31.6
853,Bolivia,2011,58.4
854,Brazil,2011,71.2
855,Bhutan,2011,45.7
856,Botswana,2011,76.3
857,Central African Republic,2011,18.2
858,Canada,2011,90.8
859,Switzerland,2011,90.9
860,Chile,2011,75.4
861,China,2011,31.4
862,Cote d'Ivoire,2011,30.8
863,Cameroon,2011,34.1
864,"Congo, Dem. Rep.",2011,21.5
865,"Congo, Rep.",2011,28.9
866,Colombia,2011,66.3
867,Comoros,2011,35.2
868,Cape Verde,2011,79.2
869,Costa Rica,2011,81.0
870,Cuba,2011,35.2
871,Cyprus,2011,72.9
872,Czech Republic,2011,81.9
873,Germany,2011,83.4
874,Djibouti,2011,26.8
875,Denmark,2011,95.2
876,Dominican Republic,2011,62.0
877,Algeria,2011,34.4
878,Ecuador,2011,57.2
879,Egypt,2011,39.5
880,Eritrea,2011,23.4
881,Spain,2011,80.2
882,Estonia,2011,76.1
883,Ethiopia,2011,37.9
884,Finland,2011,90.6
885,Fiji,2011,36.7
886,France,2011,77.7
887,Gabon,2011,34.8
888,United Kingdom,2011,81.6
889,Georgia,2011,47.4
890,Ghana,2011,60.2
891,Guinea,2011,27.9
892,Gambia,2011,33.8
893,Guinea-Bissau,2011,19.9
894,Equatorial Guinea,2011,17.7
895,Greece,2011,76.5
896,Guatemala,2011,58.8
897,Guyana,2011,60.5
898,"Hong Kong, China",2011,59.2
899,Honduras,2011,58.4
900,Croatia,2011,67.3
901,Haiti,2011,40.0
902,Hungary,2011,70.4
903,Indonesia,2011,65.3
904,India,2011,73.0
905,Ireland,2011,85.6
906,Iran,2011,19.8
907,Iraq,2011,40.3
908,Iceland,2011,96.5
909,Israel,2011,75.3
910,Italy,2011,77.4
911,Jamaica,2011,71.3
912,Jordan,2011,38.9
913,Japan,2011,80.8
914,Kazakhstan,2011,32.4
915,Kenya,2011,47.1
916,Kyrgyz Republic,2011,43.4
917,Cambodia,2011,48.7
918,South Korea,2011,80.6
919,Kuwait,2011,37.4
920,Lao,2011,21.0
921,Lebanon,2011,53.2
922,Liberia,2011,50.7
923,Libya,2011,35.5
924,Sri Lanka,2011,65.8
925,Lesotho,2011,63.3
926,Lithuania,2011,72.4
927,Luxembourg,2011,88.8
928,Latvia,2011,70.5
929,Morocco,2011,38.3
930,Moldova,2011,63.3
931,Madagascar,2011,39.3
932,Mexico,2011,69.3
933,North Macedonia,2011,61.6
934,Mali,2011,63.6
935,Malta,2011,82.8
936,Myanmar,2011,17.7
937,Montenegro,2011,61.5
938,Mongolia,2011,62.3
939,Mozambique,2011,49.0
940,Mauritania,2011,41.7
941,Mauritius,2011,80.4
942,Malawi,2011,58.4
943,Malaysia,2011,61.9
944,Namibia,2011,62.4
945,Niger,2011,41.6
946,Nigeria,2011,38.3
947,Nicaragua,2011,55.6
948,Netherlands,2011,89.9
949,Norway,2011,98.0
950,Nepal,2011,42.4
951,New Zealand,2011,92.6
952,Oman,2011,32.6
953,Pakistan,2011,45.5
954,Panama,2011,70.8
955,Peru,2011,65.9
956,Philippines,2011,61.2
957,Papua New Guinea,2011,63.2
958,Poland,2011,71.2
959,North Korea,2011,10.8
960,Portugal,2011,78.1
961,Paraguay,2011,64.0
962,Palestine,2011,49.7
963,Qatar,2011,31.8
964,Romania,2011,65.4
965,Russia,2011,39.2
966,Rwanda,2011,32.5
967,Saudi Arabia,2011,17.7
968,Sudan,2011,23.8
969,Senegal,2011,55.1
970,Singapore,2011,58.9
971,Sierra Leone,2011,45.1
972,El Salvador,2011,64.7
973,Serbia,2011,63.3
974,Suriname,2011,66.5
975,Slovak Republic,2011,73.5
976,Slovenia,2011,77.6
977,Sweden,2011,95.0
978,Eswatini,2011,32.6
979,Syria,2011,19.9
980,Chad,2011,16.2
981,Togo,2011,34.5
982,Thailand,2011,65.5
983,Tajikistan,2011,25.1
984,Turkmenistan,2011,17.2
985,Timor-Leste,2011,72.2
986,Trinidad and Tobago,2011,71.6
987,Tunisia,2011,55.3
988,Turkey,2011,57.3
989,Taiwan,2011,74.6
990,Tanzania,2011,56.4
991,Uganda,2011,51.3
992,Ukraine,2011,59.4
993,Uruguay,2011,81.7
994,United States,2011,81.1
995,Uzbekistan,2011,17.4
996,Venezuela,2011,50.8
997,Vietnam,2011,29.6
998,Yemen,2011,25.7
999,South Africa,2011,77.9
1000,Zambia,2011,61.9
1001,Zimbabwe,2011,26.8
1002,Afghanistan,2012,24.8
1003,Angola,2012,33.5
1004,Albania,2012,56.7
1005,United Arab Emirates,2012,25.8
1006,Argentina,2012,68.4
1007,Armenia,2012,40.9
1008,Australia,2012,92.2
1009,Austria,2012,86.2
1010,Azerbaijan,2012,31.5
1011,Burundi,2012,36.0
1012,Belgium,2012,80.5
1013,Benin,2012,60.0
1014,Burkina Faso,2012,35.2
1015,Bangladesh,2012,58.6
1016,Bulgaria,2012,67.2
1017,Bahrain,2012,25.3
1018,Bosnia and Herzegovina,2012,51.1
1019,Belarus,2012,30.4
1020,Bolivia,2012,58.4
1021,Brazil,2012,71.2
1022,Bhutan,2012,46.5
1023,Botswana,2012,78.5
1024,Central African Republic,2012,19.9
1025,Canada,2012,90.8
1026,Switzerland,2012,90.9
1027,Chile,2012,75.4
1028,China,2012,30.0
1029,Cote d'Ivoire,2012,32.5
1030,Cameroon,2012,34.4
1031,"Congo, Dem. Rep.",2012,19.2
1032,"Congo, Rep.",2012,28.9
1033,Colombia,2012,66.3
1034,Comoros,2012,35.2
1035,Cape Verde,2012,79.2
1036,Costa Rica,2012,81.0
1037,Cuba,2012,35.2
1038,Cyprus,2012,72.9
1039,Czech Republic,2012,81.9
1040,Germany,2012,83.4
1041,Djibouti,2012,27.4
1042,Denmark,2012,95.2
1043,Dominican Republic,2012,64.9
1044,Algeria,2012,38.3
1045,Ecuador,2012,57.8
1046,Egypt,2012,45.6
1047,Eritrea,2012,24.0
1048,Spain,2012,80.2
1049,Estonia,2012,76.1
1050,Ethiopia,2012,37.2
1051,Finland,2012,90.6
1052,Fiji,2012,36.7
1053,France,2012,78.8
1054,Gabon,2012,35.6
1055,United Kingdom,2012,82.1
1056,Georgia,2012,55.3
1057,Ghana,2012,60.2
1058,Guinea,2012,27.9
1059,Gambia,2012,33.1
1060,Guinea-Bissau,2012,14.3
1061,Equatorial Guinea,2012,18.3
1062,Greece,2012,76.5
1063,Guatemala,2012,58.8
1064,Guyana,2012,60.5
1065,"Hong Kong, China",2012,64.2
1066,Honduras,2012,58.4
1067,Croatia,2012,69.3
1068,Haiti,2012,39.6
1069,Hungary,2012,69.6
1070,Indonesia,2012,67.6
1071,India,2012,75.2
1072,Ireland,2012,85.6
1073,Iran,2012,19.8
1074,Iraq,2012,41.0
1075,Iceland,2012,96.5
1076,Israel,2012,75.3
1077,Italy,2012,77.4
1078,Jamaica,2012,73.9
1079,Jordan,2012,37.6
1080,Japan,2012,80.8
1081,Kazakhstan,2012,29.5
1082,Kenya,2012,47.1
1083,Kyrgyz Republic,2012,46.9
1084,Cambodia,2012,49.6
1085,South Korea,2012,81.3
1086,Kuwait,2012,37.8
1087,Lao,2012,23.2
1088,Lebanon,2012,50.5
1089,Liberia,2012,49.5
1090,Libya,2012,51.5
1091,Sri Lanka,2012,57.5
1092,Lesotho,2012,66.6
1093,Lithuania,2012,72.4
1094,Luxembourg,2012,88.8
1095,Latvia,2012,70.5
1096,Morocco,2012,40.7
1097,Moldova,2012,63.2
1098,Madagascar,2012,39.3
1099,Mexico,2012,69.0
1100,North Macedonia,2012,61.6
1101,Mali,2012,51.2
1102,Malta,2012,82.8
1103,Myanmar,2012,23.5
1104,Montenegro,2012,60.5
1105,Mongolia,2012,63.5
1106,Mozambique,2012,48.8
1107,Mauritania,2012,41.7
1108,Mauritius,2012,81.7
1109,Malawi,2012,60.8
1110,Malaysia,2012,64.1
1111,Namibia,2012,62.4
1112,Niger,2012,41.6
1113,Nigeria,2012,37.7
1114,Nicaragua,2012,55.6
1115,Netherlands,2012,89.9
1116,Norway,2012,99.3
1117,Nepal,2012,41.6
1118,New Zealand,2012,92.6
1119,Oman,2012,32.6
1120,Pakistan,2012,45.7
1121,Panama,2012,70.8
1122,Peru,2012,64.7
1123,Philippines,2012,63.0
1124,Papua New Guinea,2012,63.2
1125,Poland,2012,71.2
1126,North Korea,2012,10.8
1127,Portugal,2012,79.2
1128,Paraguay,2012,62.6
1129,Palestine,2012,48.0
1130,Qatar,2012,31.8
1131,Romania,2012,65.4
1132,Russia,2012,37.4
1133,Rwanda,2012,33.6
1134,Saudi Arabia,2012,17.1
1135,Sudan,2012,23.8
1136,Senegal,2012,60.9
1137,Singapore,2012,58.8
1138,Sierra Leone,2012,47.1
1139,El Salvador,2012,64.7
1140,Serbia,2012,63.3
1141,Suriname,2012,66.5
1142,Slovak Republic,2012,73.5
1143,Slovenia,2012,78.8
1144,Sweden,2012,97.3
1145,Eswatini,2012,32.0
1146,Syria,2012,16.3
1147,Chad,2012,16.2
1148,Togo,2012,34.5
1149,Thailand,2012,65.5
1150,Tajikistan,2012,25.1
1151,Turkmenistan,2012,17.2
1152,Timor-Leste,2012,71.6
1153,Trinidad and Tobago,2012,69.9
1154,Tunisia,2012,56.7
1155,Turkey,2012,57.6
1156,Taiwan,2012,75.7
1157,Tanzania,2012,58.8
1158,Uganda,2012,51.6
1159,Ukraine,2012,59.1
1160,Uruguay,2012,81.7
1161,United States,2012,81.1
1162,Uzbekistan,2012,17.2
1163,Venezuela,2012,51.5
1164,Vietnam,2012,28.9
1165,Yemen,2012,31.2
1166,South Africa,2012,77.9
1167,Zambia,2012,62.6
1168,Zimbabwe,2012,26.7
1169,Afghanistan,2013,24.8
1170,Angola,2013,33.5
1171,Albania,2013,56.7
1172,United Arab Emirates,2013,25.2
1173,Argentina,2013,68.4
1174,Armenia,2013,40.2
1175,Australia,2013,91.3
1176,Austria,2013,84.8
1177,Azerbaijan,2013,30.6
1178,Burundi,2013,34.1
1179,Belgium,2013,80.5
1180,Benin,2013,58.7
1181,Burkina Faso,2013,41.5
1182,Bangladesh,2013,58.6
1183,Bulgaria,2013,68.3
1184,Bahrain,2013,28.7
1185,Bosnia and Herzegovina,2013,50.2
1186,Belarus,2013,30.4
1187,Bolivia,2013,57.9
1188,Brazil,2013,71.2
1189,Bhutan,2013,48.2
1190,Botswana,2013,79.8
1191,Central African Republic,2013,14.9
1192,Canada,2013,90.8
1193,Switzerland,2013,90.9
1194,Chile,2013,78.0
1195,China,2013,30.0
1196,Cote d'Ivoire,2013,32.5
1197,Cameroon,2013,34.1
1198,"Congo, Dem. Rep.",2013,18.3
1199,"Congo, Rep.",2013,28.9
1200,Colombia,2013,65.5
1201,Comoros,2013,35.2
1202,Cape Verde,2013,79.2
1203,Costa Rica,2013,80.3
1204,Cuba,2013,35.2
1205,Cyprus,2013,72.9
1206,Czech Republic,2013,80.6
1207,Germany,2013,83.1
1208,Djibouti,2013,29.6
1209,Denmark,2013,93.8
1210,Dominican Republic,2013,67.4
1211,Algeria,2013,38.3
1212,Ecuador,2013,58.7
1213,Egypt,2013,32.7
1214,Eritrea,2013,24.0
1215,Spain,2013,80.2
1216,Estonia,2013,76.1
1217,Ethiopia,2013,38.3
1218,Finland,2013,90.3
1219,Fiji,2013,36.1
1220,France,2013,79.2
1221,Gabon,2013,37.6
1222,United Kingdom,2013,83.1
1223,Georgia,2013,59.5
1224,Ghana,2013,63.3
1225,Guinea,2013,28.4
1226,Gambia,2013,33.1
1227,Guinea-Bissau,2013,12.6
1228,Equatorial Guinea,2013,17.7
1229,Greece,2013,76.5
1230,Guatemala,2013,58.1
1231,Guyana,2013,60.5
1232,"Hong Kong, China",2013,64.2
1233,Honduras,2013,58.4
1234,Croatia,2013,69.3
1235,Haiti,2013,39.4
1236,Hungary,2013,69.6
1237,Indonesia,2013,68.2
1238,India,2013,76.9
1239,Ireland,2013,86.8
1240,Iran,2013,19.8
1241,Iraq,2013,41.0
1242,Iceland,2013,96.5
1243,Israel,2013,75.3
1244,Italy,2013,78.5
1245,Jamaica,2013,73.9
1246,Jordan,2013,37.6
1247,Japan,2013,80.8
1248,Kazakhstan,2013,30.6
1249,Kenya,2013,51.3
1250,Kyrgyz Republic,2013,46.9
1251,Cambodia,2013,46.0
1252,South Korea,2013,80.6
1253,Kuwait,2013,37.8
1254,Lao,2013,22.1
1255,Lebanon,2013,50.5
1256,Liberia,2013,49.5
1257,Libya,2013,48.2
1258,Sri Lanka,2013,56.9
1259,Lesotho,2013,66.6
1260,Lithuania,2013,75.4
1261,Luxembourg,2013,88.8
1262,Latvia,2013,70.5
1263,Morocco,2013,40.7
1264,Moldova,2013,63.2
1265,Madagascar,2013,43.2
1266,Mexico,2013,69.1
1267,North Macedonia,2013,61.6
1268,Mali,2013,59.0
1269,Malta,2013,82.8
1270,Myanmar,2013,27.6
1271,Montenegro,2013,59.4
1272,Mongolia,2013,65.1
1273,Mozambique,2013,47.7
1274,Mauritania,2013,41.7
1275,Mauritius,2013,81.7
1276,Malawi,2013,60.0
1277,Malaysia,2013,64.9
1278,Namibia,2013,62.4
1279,Niger,2013,40.8
1280,Nigeria,2013,37.7
1281,Nicaragua,2013,54.6
1282,Netherlands,2013,88.4
1283,Norway,2013,99.3
1284,Nepal,2013,47.7
1285,New Zealand,2013,92.6
1286,Oman,2013,32.6
1287,Pakistan,2013,46.4
1288,Panama,2013,70.8
1289,Peru,2013,65.4
1290,Philippines,2013,64.1
1291,Papua New Guinea,2013,63.6
1292,Poland,2013,71.2
1293,North Korea,2013,10.8
1294,Portugal,2013,76.5
1295,Paraguay,2013,62.6
1296,Palestine,2013,48.0
1297,Qatar,2013,31.8
1298,Romania,2013,65.4
1299,Russia,2013,35.9
1300,Rwanda,2013,33.8
1301,Saudi Arabia,2013,18.2
1302,Sudan,2013,25.4
1303,Senegal,2013,61.5
1304,Singapore,2013,59.2
1305,Sierra Leone,2013,46.4
1306,El Salvador,2013,65.3
1307,Serbia,2013,66.7
1308,Suriname,2013,67.7
1309,Slovak Republic,2013,73.5
1310,Slovenia,2013,78.8
1311,Sweden,2013,97.3
1312,Eswatini,2013,32.0
1313,Syria,2013,18.6
1314,Chad,2013,15.0
1315,Togo,2013,34.5
1316,Thailand,2013,62.5
1317,Tajikistan,2013,25.1
1318,Turkmenistan,2013,17.2
1319,Timor-Leste,2013,72.4
1320,Trinidad and Tobago,2013,69.9
1321,Tunisia,2013,57.6
1322,Turkey,2013,56.3
1323,Taiwan,2013,75.7
1324,Tanzania,2013,57.7
1325,Uganda,2013,52.2
1326,Ukraine,2013,58.4
1327,Uruguay,2013,81.7
1328,United States,2013,81.1
1329,Uzbekistan,2013,17.2
1330,Venezuela,2013,50.7
1331,Vietnam,2013,32.9
1332,Yemen,2013,27.9
1333,South Africa,2013,79.0
1334,Zambia,2013,62.6
1335,Zimbabwe,2013,26.7
1336,Afghanistan,2014,27.7
1337,Angola,2014,33.5
1338,Albania,2014,56.7
1339,United Arab Emirates,2014,26.4
1340,Argentina,2014,68.4
1341,Armenia,2014,41.3
1342,Australia,2014,90.1
1343,Austria,2014,85.4
1344,Azerbaijan,2014,28.3
1345,Burundi,2014,33.3
1346,Belgium,2014,79.3
1347,Benin,2014,56.5
1348,Burkina Faso,2014,40.9
1349,Bangladesh,2014,57.8
1350,Bulgaria,2014,67.3
1351,Bahrain,2014,28.7
1352,Bosnia and Herzegovina,2014,47.8
1353,Belarus,2014,36.9
1354,Bolivia,2014,57.9
1355,Brazil,2014,73.8
1356,Bhutan,2014,48.7
1357,Botswana,2014,78.7
1358,Central African Republic,2014,14.9
1359,Canada,2014,90.8
1360,Switzerland,2014,90.9
1361,Chile,2014,78.0
1362,China,2014,30.0
1363,Cote d'Ivoire,2014,35.3
1364,Cameroon,2014,34.1
1365,"Congo, Dem. Rep.",2014,17.5
1366,"Congo, Rep.",2014,28.9
1367,Colombia,2014,65.5
1368,Comoros,2014,35.2
1369,Cape Verde,2014,78.1
1370,Costa Rica,2014,80.3
1371,Cuba,2014,35.2
1372,Cyprus,2014,74.0
1373,Czech Republic,2014,79.4
1374,Germany,2014,86.4
1375,Djibouti,2014,29.9
1376,Denmark,2014,91.1
1377,Dominican Republic,2014,66.7
1378,Algeria,2014,38.3
1379,Ecuador,2014,58.7
1380,Egypt,2014,31.6
1381,Eritrea,2014,24.4
1382,Spain,2014,80.5
1383,Estonia,2014,77.4
1384,Ethiopia,2014,37.2
1385,Finland,2014,90.3
1386,Fiji,2014,56.1
1387,France,2014,80.4
1388,Gabon,2014,37.6
1389,United Kingdom,2014,83.1
1390,Georgia,2014,58.2
1391,Ghana,2014,63.3
1392,Guinea,2014,30.1
1393,Gambia,2014,30.5
1394,Guinea-Bissau,2014,19.3
1395,Equatorial Guinea,2014,16.6
1396,Greece,2014,74.5
1397,Guatemala,2014,58.1
1398,Guyana,2014,59.1
1399,"Hong Kong, China",2014,64.6
1400,Honduras,2014,58.4
1401,Croatia,2014,69.3
1402,Haiti,2014,38.2
1403,Hungary,2014,69.0
1404,Indonesia,2014,69.5
1405,India,2014,79.2
1406,Ireland,2014,87.2
1407,Iran,2014,19.8
1408,Iraq,2014,42.3
1409,Iceland,2014,95.8
1410,Israel,2014,76.3
1411,Italy,2014,78.5
1412,Jamaica,2014,73.9
1413,Jordan,2014,37.6
1414,Japan,2014,80.8
1415,Kazakhstan,2014,31.7
1416,Kenya,2014,51.3
1417,Kyrgyz Republic,2014,52.4
1418,Cambodia,2014,47.8
1419,South Korea,2014,80.6
1420,Kuwait,2014,37.8
1421,Lao,2014,22.1
1422,Lebanon,2014,51.2
1423,Liberia,2014,49.5
1424,Libya,2014,38.0
1425,Sri Lanka,2014,56.9
1426,Lesotho,2014,66.6
1427,Lithuania,2014,75.4
1428,Luxembourg,2014,88.8
1429,Latvia,2014,74.8
1430,Morocco,2014,40.0
1431,Moldova,2014,63.2
1432,Madagascar,2014,44.2
1433,Mexico,2014,66.8
1434,North Macedonia,2014,62.5
1435,Mali,2014,57.9
1436,Malta,2014,83.9
1437,Myanmar,2014,30.5
1438,Montenegro,2014,59.4
1439,Mongolia,2014,66.2
1440,Mozambique,2014,46.6
1441,Mauritania,2014,41.7
1442,Mauritius,2014,81.7
1443,Malawi,2014,56.6
1444,Malaysia,2014,64.9
1445,Namibia,2014,62.4
1446,Niger,2014,40.2
1447,Nigeria,2014,37.6
1448,Nicaragua,2014,53.2
1449,Netherlands,2014,89.2
1450,Norway,2014,99.3
1451,Nepal,2014,47.7
1452,New Zealand,2014,92.6
1453,Oman,2014,31.5
1454,Pakistan,2014,46.4
1455,Panama,2014,70.8
1456,Peru,2014,65.4
1457,Philippines,2014,67.7
1458,Papua New Guinea,2014,60.3
1459,Poland,2014,74.7
1460,North Korea,2014,10.8
1461,Portugal,2014,77.9
1462,Paraguay,2014,62.6
1463,Palestine,2014,47.2
1464,Qatar,2014,31.8
1465,Romania,2014,66.8
1466,Russia,2014,33.9
1467,Rwanda,2014,32.5
1468,Saudi Arabia,2014,18.2
1469,Sudan,2014,25.4
1470,Senegal,2014,61.5
1471,Singapore,2014,60.3
1472,Sierra Leone,2014,45.6
1473,El Salvador,2014,65.3
1474,Serbia,2014,67.1
1475,Suriname,2014,67.7
1476,Slovak Republic,2014,73.5
1477,Slovenia,2014,75.7
1478,Sweden,2014,97.3
1479,Eswatini,2014,30.9
1480,Syria,2014,17.4
1481,Chad,2014,15.0
1482,Togo,2014,34.5
1483,Thailand,2014,53.9
1484,Tajikistan,2014,23.7
1485,Turkmenistan,2014,18.3
1486,Timor-Leste,2014,72.4
1487,Trinidad and Tobago,2014,69.9
1488,Tunisia,2014,63.1
1489,Turkey,2014,51.2
1490,Taiwan,2014,76.5
1491,Tanzania,2014,57.7
1492,Uganda,2014,52.2
1493,Ukraine,2014,54.2
1494,Uruguay,2014,81.7
1495,United States,2014,81.1
1496,Uzbekistan,2014,24.5
1497,Venezuela,2014,50.7
1498,Vietnam,2014,34.1
1499,Yemen,2014,27.9
1500,South Africa,2014,78.2
1501,Zambia,2014,63.9
1502,Zimbabwe,2014,27.8
1503,Afghanistan,2015,27.7
1504,Angola,2015,33.5
1505,Albania,2015,59.1
1506,United Arab Emirates,2015,27.5
1507,Argentina,2015,70.2
1508,Armenia,2015,40.0
1509,Australia,2015,90.1
1510,Austria,2015,85.4
1511,Azerbaijan,2015,27.1
1512,Burundi,2015,24.9
1513,Belgium,2015,79.3
1514,Benin,2015,57.2
1515,Burkina Faso,2015,47.0
1516,Bangladesh,2015,57.3
1517,Bulgaria,2015,71.4
1518,Bahrain,2015,27.9
1519,Bosnia and Herzegovina,2015,48.3
1520,Belarus,2015,36.2
1521,Bolivia,2015,57.5
1522,Brazil,2015,69.6
1523,Bhutan,2015,49.3
1524,Botswana,2015,78.7
1525,Central African Republic,2015,15.7
1526,Canada,2015,90.8
1527,Switzerland,2015,90.9
1528,Chile,2015,78.4
1529,China,2015,31.4
1530,Cote d'Ivoire,2015,33.1
1531,Cameroon,2015,36.6
1532,"Congo, Dem. Rep.",2015,21.1
1533,"Congo, Rep.",2015,29.1
1534,Colombia,2015,66.2
1535,Comoros,2015,37.1
1536,Cape Verde,2015,78.1
1537,Costa Rica,2015,79.6
1538,Cuba,2015,35.2
1539,Cyprus,2015,75.3
1540,Czech Republic,2015,79.4
1541,Germany,2015,86.4
1542,Djibouti,2015,29.0
1543,Denmark,2015,91.1
1544,Dominican Republic,2015,66.7
1545,Algeria,2015,39.5
1546,Ecuador,2015,58.7
1547,Egypt,2015,31.8
1548,Eritrea,2015,23.7
1549,Spain,2015,83.0
1550,Estonia,2015,78.5
1551,Ethiopia,2015,38.3
1552,Finland,2015,90.3
1553,Fiji,2015,56.9
1554,France,2015,79.2
1555,Gabon,2015,37.6
1556,United Kingdom,2015,83.1
1557,Georgia,2015,58.8
1558,Ghana,2015,68.6
1559,Guinea,2015,31.4
1560,Gambia,2015,29.7
1561,Guinea-Bissau,2015,19.3
1562,Equatorial Guinea,2015,17.7
1563,Greece,2015,74.5
1564,Guatemala,2015,59.2
1565,Guyana,2015,60.5
1566,"Hong Kong, China",2015,65.0
1567,Honduras,2015,58.4
1568,Croatia,2015,69.3
1569,Haiti,2015,39.4
1570,Hungary,2015,68.4
1571,Indonesia,2015,70.3
1572,India,2015,77.4
1573,Ireland,2015,88.5
1574,Iran,2015,21.6
1575,Iraq,2015,40.8
1576,Iceland,2015,95.8
1577,Israel,2015,77.7
1578,Italy,2015,79.8
1579,Jamaica,2015,73.9
1580,Jordan,2015,38.6
1581,Japan,2015,79.6
1582,Kazakhstan,2015,30.6
1583,Kenya,2015,53.3
1584,Kyrgyz Republic,2015,53.3
1585,Cambodia,2015,42.7
1586,South Korea,2015,79.7
1587,Kuwait,2015,38.5
1588,Lao,2015,22.1
1589,Lebanon,2015,48.6
1590,Liberia,2015,49.5
1591,Libya,2015,22.5
1592,Sri Lanka,2015,64.2
1593,Lesotho,2015,65.9
1594,Lithuania,2015,75.4
1595,Luxembourg,2015,88.8
1596,Latvia,2015,73.7
1597,Morocco,2015,46.6
1598,Moldova,2015,63.5
1599,Madagascar,2015,48.5
1600,Mexico,2015,65.5
1601,North Macedonia,2015,60.2
1602,Mali,2015,57.0
1603,Malta,2015,83.9
1604,Myanmar,2015,41.4
1605,Montenegro,2015,60.1
1606,Mongolia,2015,66.2
1607,Mozambique,2015,46.0
1608,Mauritania,2015,39.6
1609,Mauritius,2015,82.8
1610,Malawi,2015,55.5
1611,Malaysia,2015,64.3
1612,Namibia,2015,63.1
1613,Niger,2015,38.5
1614,Nigeria,2015,46.2
1615,Nicaragua,2015,52.6
1616,Netherlands,2015,89.2
1617,Norway,2015,99.3
1618,Nepal,2015,47.7
1619,New Zealand,2015,92.6
1620,Oman,2015,30.4
1621,Pakistan,2015,44.0
1622,Panama,2015,71.9
1623,Peru,2015,65.8
1624,Philippines,2015,68.4
1625,Papua New Guinea,2015,60.3
1626,Poland,2015,70.9
1627,North Korea,2015,10.8
1628,Portugal,2015,77.9
1629,Paraguay,2015,63.3
1630,Palestine,2015,45.7
1631,Qatar,2015,31.8
1632,Romania,2015,66.8
1633,Russia,2015,33.1
1634,Rwanda,2015,30.7
1635,Saudi Arabia,2015,19.3
1636,Sudan,2015,23.7
1637,Senegal,2015,60.8
1638,Singapore,2015,61.4
1639,Sierra Leone,2015,45.5
1640,El Salvador,2015,66.4
1641,Serbia,2015,67.1
1642,Suriname,2015,67.7
1643,Slovak Republic,2015,72.9
1644,Slovenia,2015,75.7
1645,Sweden,2015,94.5
1646,Eswatini,2015,30.9
1647,Syria,2015,14.3
1648,Chad,2015,15.0
1649,Togo,2015,34.1
1650,Thailand,2015,50.9
1651,Tajikistan,2015,19.5
1652,Turkmenistan,2015,18.3
1653,Timor-Leste,2015,72.4
1654,Trinidad and Tobago,2015,71.0
1655,Tunisia,2015,67.2
1656,Turkey,2015,51.2
1657,Taiwan,2015,78.3
1658,Tanzania,2015,55.8
1659,Uganda,2015,52.2
1660,Ukraine,2015,57.0
1661,Uruguay,2015,81.7
1662,United States,2015,80.5
1663,Uzbekistan,2015,19.5
1664,Venezuela,2015,50.0
1665,Vietnam,2015,35.3
1666,Yemen,2015,22.4
1667,South Africa,2015,75.6
1668,Zambia,2015,62.8
1669,Zimbabwe,2015,30.5
1670,Afghanistan,2016,25.5
1671,Angola,2016,34.0
1672,Albania,2016,59.1
1673,United Arab Emirates,2016,27.5
1674,Argentina,2016,69.6
1675,Armenia,2016,38.8
1676,Australia,2016,90.1
1677,Austria,2016,84.1
1678,Azerbaijan,2016,26.5
1679,Burundi,2016,24.0
1680,Belgium,2016,77.7
1681,Benin,2016,56.7
1682,Burkina Faso,2016,47.0
1683,Bangladesh,2016,57.3
1684,Bulgaria,2016,70.1
1685,Bahrain,2016,27.9
1686,Bosnia and Herzegovina,2016,48.7
1687,Belarus,2016,35.4
1688,Bolivia,2016,56.3
1689,Brazil,2016,69.0
1690,Bhutan,2016,49.3
1691,Botswana,2016,78.7
1692,Central African Republic,2016,16.1
1693,Canada,2016,91.5
1694,Switzerland,2016,90.9
1695,Chile,2016,77.8
1696,China,2016,31.4
1697,Cote d'Ivoire,2016,38.1
1698,Cameroon,2016,34.6
1699,"Congo, Dem. Rep.",2016,19.3
1700,"Congo, Rep.",2016,29.1
1701,Colombia,2016,66.7
1702,Comoros,2016,37.1
1703,Cape Verde,2016,79.4
1704,Costa Rica,2016,78.8
1705,Cuba,2016,34.6
1706,Cyprus,2016,76.5
1707,Czech Republic,2016,78.2
1708,Germany,2016,86.3
1709,Djibouti,2016,28.3
1710,Denmark,2016,92.0
1711,Dominican Republic,2016,66.7
1712,Algeria,2016,35.6
1713,Ecuador,2016,58.1
1714,Egypt,2016,33.1
1715,Eritrea,2016,23.7
1716,Spain,2016,83.0
1717,Estonia,2016,78.5
1718,Ethiopia,2016,36.0
1719,Finland,2016,90.3
1720,Fiji,2016,56.4
1721,France,2016,79.2
1722,Gabon,2016,37.4
1723,United Kingdom,2016,83.6
1724,Georgia,2016,59.3
1725,Ghana,2016,67.5
1726,Guinea,2016,31.4
1727,Gambia,2016,29.1
1728,Guinea-Bissau,2016,19.8
1729,Equatorial Guinea,2016,17.0
1730,Greece,2016,72.3
1731,Guatemala,2016,59.2
1732,Guyana,2016,62.5
1733,"Hong Kong, China",2016,64.2
1734,Honduras,2016,59.2
1735,Croatia,2016,67.5
1736,Haiti,2016,40.2
1737,Hungary,2016,67.2
1738,Indonesia,2016,69.7
1739,India,2016,78.1
1740,Ireland,2016,91.5
1741,Iran,2016,23.4
1742,Iraq,2016,40.8
1743,Iceland,2016,95.0
1744,Israel,2016,78.5
1745,Italy,2016,79.8
1746,Jamaica,2016,73.9
1747,Jordan,2016,39.6
1748,Japan,2016,79.9
1749,Kazakhstan,2016,30.6
1750,Kenya,2016,53.3
1751,Kyrgyz Republic,2016,49.3
1752,Cambodia,2016,42.7
1753,South Korea,2016,79.2
1754,Kuwait,2016,38.5
1755,Lao,2016,23.7
1756,Lebanon,2016,48.6
1757,Liberia,2016,53.1
1758,Libya,2016,22.5
1759,Sri Lanka,2016,64.8
1760,Lesotho,2016,65.9
1761,Lithuania,2016,74.7
1762,Luxembourg,2016,88.1
1763,Latvia,2016,73.1
1764,Morocco,2016,47.7
1765,Moldova,2016,60.1
1766,Madagascar,2016,50.7
1767,Mexico,2016,64.7
1768,North Macedonia,2016,52.3
1769,Mali,2016,57.0
1770,Malta,2016,83.9
1771,Myanmar,2016,42.0
1772,Montenegro,2016,57.2
1773,Mongolia,2016,66.2
1774,Mozambique,2016,40.2
1775,Mauritania,2016,39.6
1776,Mauritius,2016,82.8
1777,Malawi,2016,55.5
1778,Malaysia,2016,65.4
1779,Namibia,2016,63.1
1780,Niger,2016,39.6
1781,Nigeria,2016,45.0
1782,Nicaragua,2016,48.1
1783,Netherlands,2016,88.0
1784,Norway,2016,99.3
1785,Nepal,2016,48.6
1786,New Zealand,2016,92.6
1787,Oman,2016,30.4
1788,Pakistan,2016,43.3
1789,Panama,2016,71.3
1790,Peru,2016,66.5
1791,Philippines,2016,69.4
1792,Papua New Guinea,2016,60.3
1793,Poland,2016,68.3
1794,North Korea,2016,10.8
1795,Portugal,2016,78.6
1796,Paraguay,2016,62.7
1797,Palestine,2016,44.9
1798,Qatar,2016,31.8
1799,Romania,2016,66.2
1800,Russia,2016,32.4
1801,Rwanda,2016,30.7
1802,Saudi Arabia,2016,19.3
1803,Sudan,2016,23.7
1804,Senegal,2016,62.1
1805,Singapore,2016,63.8
1806,Sierra Leone,2016,45.5
1807,El Salvador,2016,66.4
1808,Serbia,2016,65.7
1809,Suriname,2016,67.7
1810,Slovak Republic,2016,72.9
1811,Slovenia,2016,75.1
1812,Sweden,2016,93.9
1813,Eswatini,2016,30.3
1814,Syria,2016,14.3
1815,Chad,2016,15.0
1816,Togo,2016,33.2
1817,Thailand,2016,49.2
1818,Tajikistan,2016,18.9
1819,Turkmenistan,2016,18.3
1820,Timor-Leste,2016,72.4
1821,Trinidad and Tobago,2016,71.0
1822,Tunisia,2016,64.0
1823,Turkey,2016,50.4
1824,Taiwan,2016,77.9
1825,Tanzania,2016,57.6
1826,Uganda,2016,52.6
1827,Ukraine,2016,57.0
1828,Uruguay,2016,81.7
1829,United States,2016,79.8
1830,Uzbekistan,2016,19.5
1831,Venezuela,2016,46.8
1832,Vietnam,2016,33.8
1833,Yemen,2016,20.7
1834,South Africa,2016,74.1
1835,Zambia,2016,59.9
1836,Zimbabwe,2016,30.5
1837,Afghanistan,2017,25.5
1838,Angola,2017,36.2
1839,Albania,2017,59.8
1840,United Arab Emirates,2017,26.9
1841,Argentina,2017,69.6
1842,Armenia,2017,41.1
1843,Australia,2017,90.9
1844,Austria,2017,84.2
1845,Azerbaijan,2017,26.5
1846,Burundi,2017,23.3
1847,Belgium,2017,77.8
1848,Benin,2017,56.1
1849,Burkina Faso,2017,47.5
1850,Bangladesh,2017,54.3
1851,Bulgaria,2017,70.3
1852,Bahrain,2017,27.1
1853,Bosnia and Herzegovina,2017,48.7
1854,Belarus,2017,31.3
1855,Bolivia,2017,54.9
1856,Brazil,2017,68.6
1857,Bhutan,2017,50.8
1858,Botswana,2017,78.1
1859,Central African Republic,2017,15.2
1860,Canada,2017,91.5
1861,Switzerland,2017,90.3
1862,Chile,2017,78.4
1863,China,2017,31.0
1864,Cote d'Ivoire,2017,39.3
1865,Cameroon,2017,36.1
1866,"Congo, Dem. Rep.",2017,16.1
1867,"Congo, Rep.",2017,32.5
1868,Colombia,2017,66.7
1869,Comoros,2017,37.1
1870,Cape Verde,2017,78.8
1871,Costa Rica,2017,78.8
1872,Cuba,2017,33.1
1873,Cyprus,2017,75.9
1874,Czech Republic,2017,76.2
1875,Germany,2017,86.1
1876,Djibouti,2017,27.6
1877,Denmark,2017,92.2
1878,Dominican Republic,2017,66.6
1879,Algeria,2017,35.6
1880,Ecuador,2017,60.2
1881,Egypt,2017,33.6
1882,Eritrea,2017,23.7
1883,Spain,2017,80.8
1884,Estonia,2017,77.9
1885,Ethiopia,2017,34.2
1886,Finland,2017,90.3
1887,Fiji,2017,58.5
1888,France,2017,78.0
1889,Gabon,2017,36.1
1890,United Kingdom,2017,85.3
1891,Georgia,2017,59.3
1892,Ghana,2017,66.9
1893,Guinea,2017,31.4
1894,Gambia,2017,40.6
1895,Guinea-Bissau,2017,19.8
1896,Equatorial Guinea,2017,18.1
1897,Greece,2017,72.9
1898,Guatemala,2017,58.6
1899,Guyana,2017,64.6
1900,"Hong Kong, China",2017,63.1
1901,Honduras,2017,57.2
1902,Croatia,2017,66.3
1903,Haiti,2017,40.3
1904,Hungary,2017,66.4
1905,Indonesia,2017,63.9
1906,India,2017,72.3
1907,Ireland,2017,91.5
1908,Iran,2017,24.5
1909,Iraq,2017,40.9
1910,Iceland,2017,95.8
1911,Israel,2017,77.9
1912,Italy,2017,79.8
1913,Jamaica,2017,72.9
1914,Jordan,2017,38.7
1915,Japan,2017,78.8
1916,Kazakhstan,2017,30.6
1917,Kenya,2017,51.1
1918,Kyrgyz Republic,2017,51.1
1919,Cambodia,2017,36.3
1920,South Korea,2017,80.0
1921,Kuwait,2017,38.5
1922,Lao,2017,23.7
1923,Lebanon,2017,47.2
1924,Liberia,2017,52.3
1925,Libya,2017,23.2
1926,Sri Lanka,2017,64.8
1927,Lesotho,2017,66.4
1928,Lithuania,2017,74.1
1929,Luxembourg,2017,88.1
1930,Latvia,2017,72.5
1931,Morocco,2017,48.7
1932,Moldova,2017,59.4
1933,Madagascar,2017,51.1
1934,Mexico,2017,64.1
1935,North Macedonia,2017,55.7
1936,Mali,2017,56.4
1937,Malta,2017,81.5
1938,Myanmar,2017,38.3
1939,Montenegro,2017,56.9
1940,Mongolia,2017,65.0
1941,Mozambique,2017,40.2
1942,Mauritania,2017,38.2
1943,Mauritius,2017,82.2
1944,Malawi,2017,54.9
1945,Malaysia,2017,65.4
1946,Namibia,2017,63.1
1947,Niger,2017,37.6
1948,Nigeria,2017,44.4
1949,Nicaragua,2017,46.6
1950,Netherlands,2017,88.9
1951,Norway,2017,98.7
1952,Nepal,2017,51.8
1953,New Zealand,2017,92.6
1954,Oman,2017,30.4
1955,Pakistan,2017,42.6
1956,Panama,2017,70.8
1957,Peru,2017,64.9
1958,Philippines,2017,67.1
1959,Papua New Guinea,2017,60.3
1960,Poland,2017,66.7
1961,North Korea,2017,10.8
1962,Portugal,2017,78.4
1963,Paraguay,2017,63.1
1964,Palestine,2017,44.6
1965,Qatar,2017,31.9
1966,Romania,2017,64.4
1967,Russia,2017,31.7
1968,Rwanda,2017,31.9
1969,Saudi Arabia,2017,19.3
1970,Sudan,2017,21.5
1971,Senegal,2017,61.5
1972,Singapore,2017,63.2
1973,Sierra Leone,2017,46.6
1974,El Salvador,2017,64.3
1975,Serbia,2017,64.1
1976,Suriname,2017,67.6
1977,Slovak Republic,2017,71.6
1978,Slovenia,2017,75.0
1979,Sweden,2017,93.9
1980,Eswatini,2017,30.3
1981,Syria,2017,14.3
1982,Chad,2017,15.0
1983,Togo,2017,30.5
1984,Thailand,2017,46.3
1985,Tajikistan,2017,19.3
1986,Turkmenistan,2017,17.2
1987,Timor-Leste,2017,71.9
1988,Trinidad and Tobago,2017,70.4
1989,Tunisia,2017,63.2
1990,Turkey,2017,48.8
1991,Taiwan,2017,77.3
1992,Tanzania,2017,54.7
1993,Uganda,2017,50.9
1994,Ukraine,2017,56.9
1995,Uruguay,2017,81.2
1996,United States,2017,79.8
1997,Uzbekistan,2017,19.5
1998,Venezuela,2017,38.7
1999,Vietnam,2017,30.8
2000,Yemen,2017,20.7
2001,South Africa,2017,72.4
2002,Zambia,2017,56.8
2003,Zimbabwe,2017,31.6
2004,Afghanistan,2018,29.7
2005,Angola,2018,36.2
2006,Albania,2018,59.8
2007,United Arab Emirates,2018,27.6
2008,Argentina,2018,70.2
2009,Armenia,2018,47.9
2010,Australia,2018,90.9
2011,Austria,2018,82.9
2012,Azerbaijan,2018,26.5
2013,Burundi,2018,23.3
2014,Belgium,2018,77.8
2015,Benin,2018,57.4
2016,Burkina Faso,2018,47.5
2017,Bangladesh,2018,55.7
2018,Bulgaria,2018,70.3
2019,Bahrain,2018,27.1
2020,Bosnia and Herzegovina,2018,49.8
2021,Belarus,2018,31.3
2022,Bolivia,2018,57.0
2023,Brazil,2018,69.7
2024,Bhutan,2018,53.0
2025,Botswana,2018,78.1
2026,Central African Republic,2018,15.2
2027,Canada,2018,91.5
2028,Switzerland,2018,90.3
2029,Chile,2018,79.7
2030,China,2018,33.2
2031,Cote d'Ivoire,2018,41.5
2032,Cameroon,2018,32.8
2033,"Congo, Dem. Rep.",2018,14.9
2034,"Congo, Rep.",2018,33.1
2035,Colombia,2018,69.6
2036,Comoros,2018,37.1
2037,Cape Verde,2018,78.8
2038,Costa Rica,2018,80.7
2039,Cuba,2018,30.0
2040,Cyprus,2018,75.9
2041,Czech Republic,2018,76.9
2042,Germany,2018,86.8
2043,Djibouti,2018,28.7
2044,Denmark,2018,92.2
2045,Dominican Republic,2018,65.4
2046,Algeria,2018,35.0
2047,Ecuador,2018,62.7
2048,Egypt,2018,33.6
2049,Eritrea,2018,23.7
2050,Spain,2018,80.8
2051,Estonia,2018,79.7
2052,Ethiopia,2018,33.5
2053,Finland,2018,91.4
2054,Fiji,2018,58.5
2055,France,2018,78.0
2056,Gabon,2018,36.1
2057,United Kingdom,2018,85.3
2058,Georgia,2018,55.0
2059,Ghana,2018,66.3
2060,Guinea,2018,31.4
2061,Gambia,2018,43.1
2062,Guinea-Bissau,2018,19.8
2063,Equatorial Guinea,2018,19.2
2064,Greece,2018,72.9
2065,Guatemala,2018,56.0
2066,Guyana,2018,66.7
2067,"Hong Kong, China",2018,61.5
2068,Honduras,2018,56.3
2069,Croatia,2018,65.7
2070,Haiti,2018,49.1
2071,Hungary,2018,66.3
2072,Indonesia,2018,63.9
2073,India,2018,72.3
2074,Ireland,2018,91.5
2075,Iran,2018,24.5
2076,Iraq,2018,40.6
2077,Iceland,2018,95.8
2078,Israel,2018,77.9
2079,Italy,2018,77.1
2080,Jamaica,2018,70.2
2081,Jordan,2018,39.3
2082,Japan,2018,79.9
2083,Kazakhstan,2018,29.4
2084,Kenya,2018,51.1
2085,Kyrgyz Republic,2018,51.1
2086,Cambodia,2018,35.9
2087,South Korea,2018,80.0
2088,Kuwait,2018,38.5
2089,Lao,2018,23.7
2090,Lebanon,2018,46.3
2091,Liberia,2018,53.5
2092,Libya,2018,21.9
2093,Sri Lanka,2018,61.9
2094,Lesotho,2018,66.4
2095,Lithuania,2018,75.0
2096,Luxembourg,2018,88.1
2097,Latvia,2018,73.8
2098,Morocco,2018,49.9
2099,Moldova,2018,58.5
2100,Madagascar,2018,52.2
2101,Mexico,2018,61.9
2102,North Macedonia,2018,58.7
2103,Mali,2018,54.1
2104,Malta,2018,82.1
2105,Myanmar,2018,38.3
2106,Montenegro,2018,57.4
2107,Mongolia,2018,65.0
2108,Mozambique,2018,38.5
2109,Mauritania,2018,38.2
2110,Mauritius,2018,82.2
2111,Malawi,2018,54.9
2112,Malaysia,2018,68.8
2113,Namibia,2018,62.5
2114,Niger,2018,37.6
2115,Nigeria,2018,44.4
2116,Nicaragua,2018,36.3
2117,Netherlands,2018,88.9
2118,Norway,2018,98.7
2119,Nepal,2018,51.8
2120,New Zealand,2018,92.6
2121,Oman,2018,30.4
2122,Pakistan,2018,41.7
2123,Panama,2018,70.5
2124,Peru,2018,66.0
2125,Philippines,2018,67.1
2126,Papua New Guinea,2018,60.3
2127,Poland,2018,66.7
2128,North Korea,2018,10.8
2129,Portugal,2018,78.4
2130,Paraguay,2018,62.4
2131,Palestine,2018,43.9
2132,Qatar,2018,31.9
2133,Romania,2018,63.8
2134,Russia,2018,29.4
2135,Rwanda,2018,33.5
2136,Saudi Arabia,2018,19.3
2137,Sudan,2018,21.5
2138,Senegal,2018,61.5
2139,Singapore,2018,63.8
2140,Sierra Leone,2018,46.6
2141,El Salvador,2018,59.6
2142,Serbia,2018,64.1
2143,Suriname,2018,69.8
2144,Slovak Republic,2018,71.0
2145,Slovenia,2018,75.0
2146,Sweden,2018,93.9
2147,Eswatini,2018,30.3
2148,Syria,2018,14.3
2149,Chad,2018,16.1
2150,Togo,2018,31.0
2151,Thailand,2018,46.3
2152,Tajikistan,2018,19.3
2153,Turkmenistan,2018,17.2
2154,Timor-Leste,2018,71.9
2155,Trinidad and Tobago,2018,71.6
2156,Tunisia,2018,64.1
2157,Turkey,2018,43.7
2158,Taiwan,2018,77.3
2159,Tanzania,2018,54.1
2160,Uganda,2018,52.0
2161,Ukraine,2018,56.9
2162,Uruguay,2018,83.8
2163,United States,2018,79.6
2164,Uzbekistan,2018,20.1
2165,Venezuela,2018,31.6
2166,Vietnam,2018,30.8
2167,Yemen,2018,19.5
2168,South Africa,2018,72.4
2169,Zambia,2018,56.1
2170,Zimbabwe,2018,31.6
2171,Afghanistan,2019,28.5
2172,Angola,2019,37.2
2173,Albania,2019,58.9
2174,United Arab Emirates,2019,27.6
2175,Argentina,2019,70.2
2176,Armenia,2019,55.4
2177,Australia,2019,90.9
2178,Austria,2019,82.9
2179,Azerbaijan,2019,27.5
2180,Burundi,2019,21.5
2181,Belgium,2019,76.4
2182,Benin,2019,50.9
2183,Burkina Faso,2019,40.4
2184,Bangladesh,2019,58.8
2185,Bulgaria,2019,70.3
2186,Bahrain,2019,25.5
2187,Bosnia and Herzegovina,2019,48.6
2188,Belarus,2019,24.8
2189,Bolivia,2019,48.4
2190,Brazil,2019,68.6
2191,Bhutan,2019,53.0
2192,Botswana,2019,78.1
2193,Central African Republic,2019,13.2
2194,Canada,2019,92.2
2195,Switzerland,2019,90.3
2196,Chile,2019,80.8
2197,China,2019,22.6
2198,Cote d'Ivoire,2019,40.5
2199,Cameroon,2019,28.5
2200,"Congo, Dem. Rep.",2019,11.3
2201,"Congo, Rep.",2019,31.1
2202,Colombia,2019,71.3
2203,Comoros,2019,31.5
2204,Cape Verde,2019,77.8
2205,Costa Rica,2019,81.3
2206,Cuba,2019,28.4
2207,Cyprus,2019,75.9
2208,Czech Republic,2019,76.9
2209,Germany,2019,86.8
2210,Djibouti,2019,27.7
2211,Denmark,2019,92.2
2212,Dominican Republic,2019,65.4
2213,Algeria,2019,40.1
2214,Ecuador,2019,63.3
2215,Egypt,2019,30.6
2216,Eritrea,2019,23.7
2217,Spain,2019,82.9
2218,Estonia,2019,79.0
2219,Ethiopia,2019,34.4
2220,Finland,2019,92.5
2221,Fiji,2019,58.5
2222,France,2019,81.2
2223,Gabon,2019,36.1
2224,United Kingdom,2019,85.2
2225,Georgia,2019,54.2
2226,Ghana,2019,66.3
2227,Guinea,2019,31.4
2228,Gambia,2019,43.3
2229,Guinea-Bissau,2019,26.3
2230,Equatorial Guinea,2019,19.2
2231,Greece,2019,74.3
2232,Guatemala,2019,52.6
2233,Guyana,2019,61.5
2234,"Hong Kong, China",2019,60.2
2235,Honduras,2019,54.2
2236,Croatia,2019,65.7
2237,Haiti,2019,45.7
2238,Hungary,2019,66.3
2239,Indonesia,2019,64.8
2240,India,2019,69.0
2241,Ireland,2019,92.4
2242,Iran,2019,23.8
2243,Iraq,2019,37.4
2244,Iceland,2019,95.8
2245,Israel,2019,78.6
2246,Italy,2019,75.2
2247,Jamaica,2019,69.6
2248,Jordan,2019,39.3
2249,Japan,2019,79.9
2250,Kazakhstan,2019,29.4
2251,Kenya,2019,51.8
2252,Kyrgyz Republic,2019,48.9
2253,Cambodia,2019,35.3
2254,South Korea,2019,80.0
2255,Kuwait,2019,39.3
2256,Lao,2019,21.4
2257,Lebanon,2019,43.6
2258,Liberia,2019,54.5
2259,Libya,2019,20.2
2260,Sri Lanka,2019,62.7
2261,Lesotho,2019,65.4
2262,Lithuania,2019,75.0
2263,Luxembourg,2019,88.1
2264,Latvia,2019,74.9
2265,Morocco,2019,51.0
2266,Moldova,2019,57.5
2267,Madagascar,2019,56.4
2268,Mexico,2019,60.9
2269,North Macedonia,2019,59.7
2270,Mali,2019,49.2
2271,Malta,2019,79.5
2272,Myanmar,2019,35.5
2273,Montenegro,2019,56.5
2274,Mongolia,2019,65.0
2275,Mozambique,2019,36.5
2276,Mauritania,2019,39.2
2277,Mauritius,2019,82.2
2278,Malawi,2019,55.0
2279,Malaysia,2019,71.6
2280,Namibia,2019,64.3
2281,Niger,2019,32.9
2282,Nigeria,2019,41.2
2283,Nicaragua,2019,35.5
2284,Netherlands,2019,90.1
2285,Norway,2019,98.7
2286,Nepal,2019,52.8
2287,New Zealand,2019,92.6
2288,Oman,2019,30.6
2289,Pakistan,2019,42.5
2290,Panama,2019,70.5
2291,Peru,2019,66.0
2292,Philippines,2019,66.4
2293,Papua New Guinea,2019,60.3
2294,Poland,2019,66.2
2295,North Korea,2019,10.8
2296,Portugal,2019,80.3
2297,Paraguay,2019,62.4
2298,Palestine,2019,38.9
2299,Qatar,2019,31.9
2300,Romania,2019,64.9
2301,Russia,2019,31.1
2302,Rwanda,2019,31.6
2303,Saudi Arabia,2019,19.3
2304,Sudan,2019,27.0
2305,Senegal,2019,58.1
2306,Singapore,2019,60.2
2307,Sierra Leone,2019,48.6
2308,El Salvador,2019,61.5
2309,Serbia,2019,64.1
2310,Suriname,2019,69.8
2311,Slovak Republic,2019,71.7
2312,Slovenia,2019,75.0
2313,Sweden,2019,93.9
2314,Eswatini,2019,31.4
2315,Syria,2019,14.3
2316,Chad,2019,16.1
2317,Togo,2019,33.0
2318,Thailand,2019,63.2
2319,Tajikistan,2019,19.3
2320,Turkmenistan,2019,17.2
2321,Timor-Leste,2019,71.9
2322,Trinidad and Tobago,2019,71.6
2323,Tunisia,2019,67.2
2324,Turkey,2019,40.9
2325,Taiwan,2019,77.3
2326,Tanzania,2019,51.6
2327,Uganda,2019,50.2
2328,Ukraine,2019,59.0
2329,Uruguay,2019,83.8
2330,United States,2019,79.6
2331,Uzbekistan,2019,20.1
2332,Venezuela,2019,28.8
2333,Vietnam,2019,30.8
2334,Yemen,2019,19.5
2335,South Africa,2019,72.4
2336,Zambia,2019,50.9
2337,Zimbabwe,2019,31.6
2338,Afghanistan,2020,28.5
2339,Angola,2020,36.6
2340,Albania,2020,60.8
2341,United Arab Emirates,2020,27.0
2342,Argentina,2020,69.5
2343,Armenia,2020,53.5
2344,Australia,2020,89.6
2345,Austria,2020,81.6
2346,Azerbaijan,2020,26.8
2347,Burundi,2020,21.4
2348,Belgium,2020,75.1
2349,Benin,2020,45.8
2350,Burkina Faso,2020,37.3
2351,Bangladesh,2020,59.9
2352,Bulgaria,2020,67.1
2353,Bahrain,2020,24.9
2354,Bosnia and Herzegovina,2020,48.4
2355,Belarus,2020,25.9
2356,Bolivia,2020,50.8
2357,Brazil,2020,69.2
2358,Bhutan,2020,57.1
2359,Botswana,2020,76.2
2360,Central African Republic,2020,13.2
2361,Canada,2020,92.4
2362,Switzerland,2020,88.3
2363,Chile,2020,82.8
2364,China,2020,22.7
2365,Cote d'Ivoire,2020,41.1
2366,Cameroon,2020,27.7
2367,"Congo, Dem. Rep.",2020,11.3
2368,"Congo, Rep.",2020,31.1
2369,Colombia,2020,70.4
2370,Comoros,2020,30.9
2371,Cape Verde,2020,76.5
2372,Costa Rica,2020,81.6
2373,Cuba,2020,28.4
2374,Cyprus,2020,75.6
2375,Czech Republic,2020,76.7
2376,Germany,2020,86.7
2377,Djibouti,2020,27.1
2378,Denmark,2020,91.5
2379,Dominican Republic,2020,63.2
2380,Algeria,2020,
2381,Ecuador,2020,61.3
2382,Egypt,2020,29.3
2383,Eritrea,2020,21.5
2384,Spain,2020,81.2
2385,Estonia,2020,78.4
2386,Ethiopia,2020,33.8
2387,Finland,2020,92.0
2388,Fiji,2020,57.2
2389,France,2020,79.9
2390,Gabon,2020,35.4
2391,United Kingdom,2020,85.4
2392,Georgia,2020,53.1
2393,Ghana,2020,65.0
2394,Guinea,2020,30.8
2395,Gambia,2020,44.9
2396,Guinea-Bissau,2020,26.3
2397,Equatorial Guinea,2020,19.2
2398,Greece,2020,73.9
2399,Guatemala,2020,49.7
2400,Guyana,2020,60.1
2401,"Hong Kong, China",2020,55.7
2402,Honduras,2020,53.6
2403,Croatia,2020,65.0
2404,Haiti,2020,42.2
2405,Hungary,2020,65.6
2406,Indonesia,2020,63.0
2407,India,2020,66.1
2408,Ireland,2020,90.5
2409,Iran,2020,
2410,Iraq,2020,36.2
2411,Iceland,2020,93.7
2412,Israel,2020,78.4
2413,Italy,2020,77.4
2414,Jamaica,2020,71.3
2415,Jordan,2020,36.2
2416,Japan,2020,81.3
2417,Kazakhstan,2020,31.4
2418,Kenya,2020,50.5
2419,Kyrgyz Republic,2020,42.1
2420,Cambodia,2020,31.0
2421,South Korea,2020,80.1
2422,Kuwait,2020,38.0
2423,Lao,2020,17.7
2424,Lebanon,2020,41.6
2425,Liberia,2020,53.2
2426,Libya,2020,19.5
2427,Sri Lanka,2020,61.4
2428,Lesotho,2020,63.0
2429,Lithuania,2020,
2430,Luxembourg,2020,86.8
2431,Latvia,2020,72.4
2432,Morocco,2020,50.4
2433,Moldova,2020,57.8
2434,Madagascar,2020,57.0
2435,Mexico,2020,60.7
2436,North Macedonia,2020,58.9
2437,Mali,2020,39.3
2438,Malta,2020,76.8
2439,Myanmar,2020,30.4
2440,Montenegro,2020,57.7
2441,Mongolia,2020,64.8
2442,Mozambique,2020,35.1
2443,Mauritania,2020,39.2
2444,Mauritius,2020,81.4
2445,Malawi,2020,57.4
2446,Malaysia,2020,71.9
2447,Namibia,2020,65.2
2448,Niger,2020,32.9
2449,Nigeria,2020,41.0
2450,Nicaragua,2020,36.0
2451,Netherlands,2020,89.6
2452,Norway,2020,98.1
2453,Nepal,2020,52.2
2454,New Zealand,2020,92.5
2455,Oman,2020,30.0
2456,Pakistan,2020,43.1
2457,Panama,2020,71.8
2458,Peru,2020,65.3
2459,Philippines,2020,65.6
2460,Papua New Guinea,2020,61.0
2461,Poland,2020,68.5
2462,North Korea,2020,10.8
2463,Portugal,2020,79.0
2464,Paraguay,2020,61.8
2465,Palestine,2020,38.3
2466,Qatar,2020,32.4
2467,Romania,2020,64.0
2468,Russia,2020,33.1
2469,Rwanda,2020,31.0
2470,Saudi Arabia,2020,20.8
2471,Sudan,2020,25.4
2472,Senegal,2020,56.7
2473,Singapore,2020,60.3
2474,Sierra Leone,2020,48.6
2475,El Salvador,2020,59.0
2476,Serbia,2020,62.2
2477,Suriname,2020,68.2
2478,Slovak Republic,2020,69.7
2479,Slovenia,2020,75.4
2480,Sweden,2020,92.6
2481,Eswatini,2020,30.8
2482,Syria,2020,14.3
2483,Chad,2020,15.5
2484,Togo,2020,28.0
2485,Thailand,2020,60.4
2486,Tajikistan,2020,19.4
2487,Turkmenistan,2020,17.2
2488,Timor-Leste,2020,70.6
2489,Trinidad and Tobago,2020,71.6
2490,Tunisia,2020,65.9
2491,Turkey,2020,44.8
2492,Taiwan,2020,89.4
2493,Tanzania,2020,51.0
2494,Uganda,2020,49.4
2495,Ukraine,2020,
2496,Uruguay,2020,86.1
2497,United States,2020,79.2
2498,Uzbekistan,2020,21.2
2499,Venezuela,2020,27.6
2500,Vietnam,2020,29.4
2501,Yemen,2020,19.5
2502,South Africa,2020,70.5
2503,Zambia,2020,48.6
2504,Zimbabwe,2020,31.6
